縣市,基地臺
17,990
18,978
21,320
13,1267
16,1181
11,1401
3,2154
6,3409
7,386
22,106
14,1327
2,3131
8,631
10,1075
9,346
15,1034
12,1892
4,4921
1,3068
19,662
5,2255
20,198
17,989
18,974
21,304
13,1246
16,1166
11,1365
3,2154
6,3378
7,386
22,106
14,1301
2,3126
8,631
10,1075
9,345
15,1024
12,1863
4,4859
1,3040
19,656
5,2219
20,196
17,988
18,972
21,301
13,1213
16,1165
11,1337
3,2149
6,3369
7,386
22,106
14,1285
2,3114
8,631
10,1075
9,345
15,1019
12,1840
4,4837
1,3034
19,656
5,2202
20,196
17,973
18,962
21,288
13,1238
16,1144
11,1355
3,2140
6,3333
7,381
22,105
14,1293
2,3088
8,631
10,1063
9,344
15,1010
12,1854
4,4854
1,3033
19,653
5,2178
20,196
17,990
18,964
21,287
13,1238
16,1134
11,1355
3,2140
6,3304
7,383
22,104
14,1294
2,3109
8,631
10,1063
9,344
15,1001
12,1854
4,4854
1,3022
19,649
5,2172
20,196
17,987
18,962
21,282
13,1236
16,1124
11,1355
3,2128
6,3290
7,383
22,104
14,1294
2,3097
8,631
10,1063
9,343
15,998
12,1854
4,4853
1,3020
19,649
5,2162
20,196
17,981
18,955
21,281
13,1231
16,1125
11,1356
3,2125
6,3271
7,375
22,100
14,1294
2,3063
8,631
10,1063
9,343
15,998
12,1854
4,4863
1,3015
19,651
5,2165
20,196
17,981
18,955
21,281
13,1230
16,1127
11,1356
3,2123
6,3268
7,375
22,97
14,1294
2,3053
8,628
10,1056
9,343
15,998
12,1854
4,4863
1,3015
19,652
5,2165
20,196
17,981
18,955
21,281
13,1231
16,1127
11,1355
3,2121
6,3269
7,375
22,97
14,1292
2,3053
8,628
10,1056
9,343
15,999
12,1851
4,4865
1,3015
19,652
5,2166
20,196
17,964
18,945
21,274
13,1231
16,1109
11,1355
3,2083
6,3233
7,369
22,96
14,1292
2,3014
8,615
10,1027
9,342
15,989
12,1854
4,4864
1,3000
19,651
5,2151
20,194
17,957
18,940
21,272
13,1229
16,1102
11,1353
3,2056
6,3218
7,368
22,93
14,1292
2,2995
8,615
10,1027
9,342
15,986
12,1854
4,4856
1,2968
19,648
5,2139
20,194
17,954
18,935
21,265
13,1218
16,1092
11,1346
3,2058
6,3156
7,361
22,93
14,1289
2,2897
8,615
10,1027
9,341
15,978
12,1846
4,4838
1,2936
19,645
5,2099
20,194
17,954
18,935
21,265
13,1209
16,1098
11,1333
3,2058
6,3157
7,361
22,93
14,1278
2,2897
8,612
10,1011
9,341
15,979
12,1833
4,4807
1,2936
19,646
5,2107
20,194
17,954
18,931
21,261
13,1210
16,1085
11,1333
3,2053
6,3113
7,361
22,93
14,1278
2,2883
8,612
10,1011
9,337
15,974
12,1835
4,4817
1,2913
19,642
5,2094
20,192
17,954
18,935
21,257
13,1204
16,1072
11,1319
3,2058
6,3055
7,361
22,93
14,1275
2,2897
8,612
10,1011
9,337
15,968
12,1827
4,4812
1,2932
19,637
5,2083
20,191
17,954
18,935
21,257
13,1193
16,1067
11,1304
3,2058
6,3037
7,361
22,93
14,1268
2,2897
8,612
10,1011
9,337
15,968
12,1813
4,4797
1,2932
19,636
5,2082
20,191
17,954
18,935
21,257
13,1193
16,1067
11,1304
3,2058
6,3024
7,361
22,93
14,1268
2,2897
8,612
10,1011
9,337
15,968
12,1811
4,4797
1,2932
19,636
5,2082
20,191
17,954
18,935
21,257
13,1193
16,1067
11,1305
3,2057
6,3021
7,358
22,92
14,1268
2,2896
8,612
10,1011
9,338
15,969
12,1812
4,4800
1,2888
19,636
5,2082
20,191
17,954
18,935
21,257
13,1193
16,1066
11,1305
3,2057
6,3015
7,360
22,92
14,1268
2,2896
8,612
10,1011
9,338
15,969
12,1812
4,4800
1,2888
19,632
5,2083
20,191
17,954
18,935
21,255
13,1193
16,1068
11,1306
3,2057
6,3014
7,360
22,92
14,1270
2,2896
8,612
10,1011
9,338
15,970
12,1812
4,4805
1,2888
19,632
5,2083
20,191
17,954
18,933
21,252
13,1197
16,1056
11,1306
3,2056
6,2990
7,349
22,92
14,1275
2,2891
8,612
10,1009
9,333
15,958
12,1813
4,4813
1,2707
19,624
5,2062
20,191
17,954
18,933
21,252
13,1194
16,1056
11,1302
3,2056
6,2987
7,349
22,92
14,1271
2,2891
8,609
10,1003
9,332
15,958
12,1812
4,4816
1,2707
19,624
5,2056
20,191
17,954
18,933
21,250
13,1193
16,1055
11,1288
3,2056
6,2981
7,349
22,92
14,1259
2,2891
8,612
10,1009
9,332
15,946
12,1808
4,4820
1,2707
19,624
5,2044
20,191
17,954
18,928
21,250
13,1192
16,1055
11,1288
3,2056
6,2982
7,338
22,92
14,1259
2,2892
8,611
10,1007
9,332
15,946
12,1808
4,4819
1,2676
19,624
5,2049
20,191
17,954
18,930
21,250
13,1193
16,1055
11,1288
3,2056
6,2983
7,338
22,92
14,1259
2,2892
8,611
10,1007
9,333
15,946
12,1808
4,4820
1,2676
19,624
5,2049
20,191
17,954
18,930
21,250
13,1193
16,1055
11,1288
3,2056
6,2980
7,338
22,92
14,1259
2,2892
8,611
10,1006
9,333
15,946
12,1808
4,4822
1,2678
19,624
5,2051
20,191
17,986
18,938
21,250
13,1193
16,1055
11,1287
3,2091
6,2980
7,368
22,92
14,1259
2,3226
8,611
10,1006
9,333
15,946
12,1808
4,4822
1,2835
19,624
5,2045
20,191
17,997
18,945
21,252
13,1193
16,1054
11,1288
3,2098
6,2979
7,392
22,92
14,1259
2,3261
8,611
10,1006
9,334
15,946
12,1805
4,4824
1,2922
19,624
5,2045
20,191
17,997
18,945
21,250
13,1193
16,1050
11,1288
3,2098
6,2970
7,392
22,92
14,1259
2,3261
8,611
10,1006
9,334
15,942
12,1805
4,4823
1,2922
19,623
5,2041
20,191
17,998
18,945
21,257
13,1193
16,1063
11,1288
3,2098
6,3074
7,392
22,92
14,1258
2,3261
8,608
10,998
9,340
15,971
12,1808
4,4824
1,2922
19,625
5,2101
20,199
17,991
18,936
21,256
13,1192
16,1065
11,1288
3,2087
6,3082
7,390
22,90
14,1259
2,3257
8,608
10,998
9,342
15,972
12,1808
4,4832
1,2907
19,626
5,2112
20,200
17,991
18,936
21,256
13,1192
16,1061
11,1289
3,2087
6,3082
7,390
22,90
14,1259
2,3257
8,608
10,998
9,342
15,972
12,1808
4,4833
1,2907
19,617
5,2112
20,200
17,994
18,937
21,256
13,1199
16,1074
11,1304
3,2119
6,3259
7,401
22,91
14,1281
2,3388
8,641
10,1000
9,358
15,987
12,1882
4,5123
1,3155
19,620
5,2219
20,201
17,995
18,936
21,237
13,1194
16,1065
11,1289
3,2106
6,3188
7,393
22,90
14,1266
2,3331
8,641
10,1000
9,355
15,981
12,1828
4,4993
1,3088
19,611
5,2157
20,201
17,987
18,936
21,237
13,1192
16,1059
11,1289
3,2085
6,3142
7,386
22,90
14,1262
2,3286
8,641
10,1000
9,338
15,973
12,1809
4,4935
1,3049
19,611
5,2148
20,201
17,980
18,921
21,237
13,1188
16,1059
11,1268
3,2085
6,3120
7,386
22,86
14,1255
2,3264
8,641
10,1000
9,338
15,973
12,1796
4,4930
1,3048
19,611
5,2120
20,201
17,980
18,916
21,237
13,1188
16,1060
11,1269
3,2070
6,3047
7,386
22,86
14,1258
2,3210
8,608
10,998
9,338
15,973
12,1798
4,4845
1,2900
19,611
5,2106
20,201
17,980
18,920
21,237
13,1185
16,1060
11,1257
3,2070
6,3048
7,386
22,86
14,1241
2,3210
8,605
10,970
9,338
15,973
12,1790
4,4833
1,2900
19,611
5,2108
20,201
17,980
18,920
21,231
13,1182
16,1064
11,1255
3,2070
6,3034
7,368
22,86
14,1238
2,3194
8,605
10,970
9,338
15,970
12,1786
4,4791
1,2884
19,602
5,2102
20,201
17,982
18,920
21,231
13,1175
16,1064
11,1242
3,2070
6,3034
7,368
22,86
14,1220
2,3194
8,605
10,970
9,338
15,970
12,1755
4,4770
1,2884
19,602
5,2102
20,201
17,956
18,899
21,219
13,1175
16,1060
11,1242
3,2062
6,3019
7,368
22,86
14,1220
2,3187
8,605
10,970
9,338
15,963
12,1755
4,4770
1,2846
19,600
5,2098
20,201
17,931
18,894
21,210
13,1169
16,1052
11,1225
3,2043
6,3003
7,368
22,86
14,1204
2,3189
8,605
10,970
9,338
15,935
12,1740
4,4742
1,2846
19,599
5,2072
20,201
17,926
18,888
21,204
13,1157
16,1046
11,1203
3,2039
6,2978
7,355
22,86
14,1165
2,3085
8,605
10,970
9,338
15,921
12,1687
4,4637
1,2788
19,593
5,2058
20,203
17,902
18,874
21,203
13,1149
16,1035
11,1183
3,2032
6,2943
7,355
22,86
14,1138
2,3032
8,605
10,970
9,338
15,908
12,1654
4,4549
1,2788
19,583
5,2041
20,200
17,894
18,863
21,203
13,1140
16,1035
11,1171
3,1990
6,2945
7,346
22,86
14,1130
2,2994
8,582
10,946
9,339
15,907
12,1642
4,4490
1,2749
19,582
5,2042
20,200
17,894
18,863
21,198
13,1135
16,1026
11,1160
3,1990
6,2891
7,346
22,86
14,1117
2,2995
8,582
10,946
9,335
15,889
12,1621
4,4454
1,2749
19,582
5,1987
20,200
17,888
18,856
21,198
13,1124
16,1017
11,1157
3,1972
6,2881
7,344
22,86
14,1112
2,2871
8,582
10,946
9,334
15,888
12,1585
4,4406
1,2707
19,574
5,1976
20,199
17,880
18,852
21,197
13,1110
16,1003
11,1147
3,1981
6,2815
7,343
22,84
14,1101
2,2888
8,580
10,936
9,332
15,881
12,1568
4,4369
1,2708
19,566
5,1937
20,196
17,875
18,851
21,191
13,1108
16,995
11,1142
3,1939
6,2786
7,334
22,84
14,1096
2,2924
8,581
10,930
9,332
15,865
12,1559
4,4364
1,2737
19,564
5,1918
20,195
17,874
18,843
21,189
13,1098
16,963
11,1127
3,1913
6,2771
7,322
22,84
14,1080
2,2895
8,581
10,932
9,322
15,851
12,1545
4,4338
1,2723
19,545
5,1877
20,192
17,874
18,843
21,186
13,1098
16,946
11,1127
3,1913
6,2737
7,322
22,84
14,1080
2,2895
8,581
10,932
9,320
15,825
12,1545
4,4340
1,2723
19,533
5,1855
20,189
17,874
18,844
21,186
13,986
16,946
11,1092
3,1908
6,2737
7,322
22,84
14,1006
2,2810
8,581
10,932
9,320
15,825
12,1487
4,4179
1,2723
19,533
5,1855
20,189
17,874
18,844
21,186
13,986
16,946
11,1092
3,1908
6,2737
7,322
22,84
14,1006
2,2810
8,581
10,932
9,320
15,825
12,1487
4,4179
1,2723
19,533
5,1850
20,189
17,643
18,703
21,124
13,862
16,969
11,887
3,2014
6,2472
7,300
22,39
14,759
2,2751
8,407
10,732
9,261
15,620
12,1225
4,3641
1,2667
19,452
5,1864
20,166
17,644
18,702
21,126
13,863
16,970
11,887
3,2001
6,2478
7,295
22,39
14,761
2,2724
8,407
10,732
9,262
15,611
12,1230
4,3653
1,2652
19,453
5,1831
20,167
17,644
18,702
21,127
13,858
16,975
11,880
3,1998
6,2484
7,295
22,39
14,747
2,2724
8,407
10,732
9,265
15,612
12,1223
4,3587
1,2652
19,454
5,1834
20,167
17,644
18,702
21,128
13,859
16,979
11,872
3,1998
6,2487
7,295
22,39
14,748
2,2724
8,407
10,732
9,266
15,614
12,1219
4,3572
1,2652
19,454
5,1836
20,170
17,650
18,720
21,132
13,863
16,987
11,887
3,2008
6,2503
7,295
22,43
14,748
2,2742
8,412
10,740
9,269
15,613
12,1222
4,3595
1,2666
19,463
5,1849
20,174
17,651
18,721
21,132
13,863
16,989
11,887
3,2016
6,2518
7,295
22,43
14,748
2,2759
8,412
10,740
9,269
15,613
12,1222
4,3595
1,2686
19,463
5,1851
20,174
17,650
18,714
21,130
13,858
16,987
11,887
3,1999
6,2513
7,292
22,42
14,747
2,2754
8,412
10,740
9,270
15,613
12,1223
4,3591
1,2687
19,463
5,1826
20,174
17,650
18,715
21,134
13,856
16,987
11,887
3,1998
6,2515
7,288
22,42
14,746
2,2757
8,411
10,733
9,270
15,615
12,1223
4,3584
1,2673
19,463
5,1828
20,174
17,650
18,715
21,134
13,856
16,987
11,884
3,1995
6,2515
7,285
22,42
14,746
2,2751
8,411
10,733
9,270
15,615
12,1223
4,3571
1,2670
19,463
5,1828
20,174
17,641
18,711
21,130
13,856
16,977
11,884
3,1965
6,2504
7,279
22,41
14,746
2,2719
8,410
10,722
9,270
15,617
12,1224
4,3571
1,2649
19,463
5,1819
20,173
17,643
18,711
21,130
13,841
16,977
11,884
3,1967
6,2500
7,281
22,41
14,739
2,2720
8,410
10,722
9,269
15,584
12,1206
4,3513
1,2649
19,463
5,1769
20,173
17,643
18,710
21,130
13,841
16,977
11,884
3,1953
6,2502
7,281
22,41
14,739
2,2692
8,410
10,722
9,269
15,584
12,1206
4,3513
1,2649
19,463
5,1769
20,173
17,642
18,710
21,130
13,841
16,974
11,884
3,1936
6,2500
7,281
22,41
14,739
2,2676
8,410
10,722
9,269
15,584
12,1206
4,3513
1,2638
19,463
5,1763
20,173
17,642
18,714
21,130
13,830
16,966
11,868
3,1936
6,2492
7,281
22,43
14,723
2,2676
8,410
10,722
9,269
15,541
12,1197
4,3415
1,2645
19,453
5,1700
20,172
17,642
18,714
21,122
13,817
16,923
11,854
3,1936
6,2436
7,281
22,43
14,712
2,2676
8,410
10,722
9,269
15,541
12,1180
4,3317
1,2645
19,453
5,1695
20,172
17,632
18,702
21,122
13,817
16,923
11,854
3,1936
6,2421
7,275
22,43
14,712
2,2669
8,399
10,700
9,269
15,541
12,1182
4,3321
1,2630
19,453
5,1693
20,169
17,632
18,702
21,124
13,810
16,923
11,852
3,1936
6,2409
7,275
22,43
14,711
2,2669
8,399
10,700
9,269
15,541
12,1178
4,3290
1,2630
19,439
5,1689
20,169
17,632
18,701
21,124
13,810
16,923
11,852
3,1911
6,2409
7,275
22,42
14,711
2,2659
8,399
10,700
9,269
15,541
12,1178
4,3290
1,2617
19,439
5,1689
20,169
17,632
18,701
21,126
13,810
16,921
11,852
3,1911
6,2409
7,275
22,42
14,711
2,2659
8,399
10,700
9,271
15,541
12,1178
4,3290
1,2617
19,437
5,1691
20,169
17,632
18,701
21,126
13,810
16,919
11,852
3,1911
6,2362
7,275
22,42
14,711
2,2659
8,399
10,700
9,271
15,538
12,1178
4,3292
1,2617
19,437
5,1660
20,169
17,632
18,701
21,126
13,810
16,919
11,852
3,1894
6,2359
7,277
22,42
14,711
2,2641
8,391
10,683
9,271
15,535
12,1178
4,3292
1,2617
19,437
5,1616
20,169
17,630
18,699
21,126
13,810
16,919
11,852
3,1882
6,2322
7,277
22,42
14,711
2,2627
8,391
10,683
9,271
15,535
12,1178
4,3292
1,2600
19,437
5,1619
20,169
17,630
18,697
21,126
13,801
16,920
11,844
3,1879
6,2322
7,277
22,42
14,708
2,2612
8,391
10,683
9,269
15,527
12,1167
4,3242
1,2584
19,420
5,1619
20,169
17,630
18,697
21,124
13,801
16,922
11,839
3,1879
6,2311
7,277
22,42
14,708
2,2612
8,386
10,675
9,269
15,527
12,1167
4,3235
1,2584
19,420
5,1619
20,169
17,630
18,697
21,124
13,801
16,922
11,839
3,1865
6,2311
7,277
22,42
14,708
2,2610
8,386
10,675
9,269
15,527
12,1167
4,3235
1,2584
19,420
5,1619
20,169
17,621
18,698
21,124
13,793
16,884
11,828
3,1882
6,2309
7,272
22,42
14,706
2,2656
8,386
10,675
9,265
15,509
12,1143
4,3142
1,2636
19,420
5,1551
20,169
17,621
18,698
21,126
13,793
16,890
11,828
3,1882
6,2318
7,272
22,42
14,706
2,2656
8,386
10,681
9,260
15,495
12,1143
4,3142
1,2636
19,422
5,1554
20,171
17,622
18,701
21,126
13,793
16,890
11,828
3,1882
6,2320
7,272
22,42
14,706
2,2658
8,386
10,681
9,260
15,495
12,1143
4,3142
1,2636
19,428
5,1554
20,171
17,622
18,701
21,126
13,793
16,890
11,828
3,1882
6,2320
7,272
22,42
14,706
2,2658
8,386
10,681
9,260
15,495
12,1143
4,3142
1,2636
19,428
5,1554
20,171
17,622
18,701
21,126
13,793
16,890
11,828
3,1882
6,2320
7,272
22,42
14,706
2,2658
8,386
10,681
9,260
15,495
12,1143
4,3142
1,2636
19,428
5,1554
20,171
17,620
18,690
21,123
13,785
16,880
11,823
3,1877
6,2301
7,270
22,40
14,699
2,2641
8,386
10,681
9,260
15,494
12,1139
4,3116
1,2627
19,417
5,1549
20,170
17,620
18,690
21,123
13,784
16,880
11,823
3,1877
6,2301
7,270
22,40
14,699
2,2641
8,386
10,681
9,260
15,494
12,1139
4,3116
1,2627
19,417
5,1549
20,170
17,619
18,687
21,123
13,808
16,880
11,826
3,1894
6,2471
7,270
22,40
14,710
2,2887
8,386
10,682
9,260
15,494
12,1196
4,3413
1,2812
19,417
5,1599
20,170
17,598
18,673
21,123
13,785
16,880
11,823
3,1883
6,2471
7,267
22,40
14,699
2,2852
8,386
10,682
9,260
15,494
12,1148
4,3352
1,2749
19,417
5,1550
20,170
17,584
18,671
21,123
13,784
16,880
11,823
3,1858
6,2421
7,263
22,40
14,699
2,2741
8,386
10,682
9,260
15,495
12,1141
4,3272
1,2705
19,417
5,1550
20,170
17,586
18,674
21,123
13,784
16,881
11,823
3,1858
6,2362
7,263
22,41
14,699
2,2686
8,386
10,682
9,261
15,495
12,1141
4,3182
1,2662
19,417
5,1550
20,170
17,584
18,674
21,123
13,780
16,881
11,810
3,1859
6,2302
7,263
22,41
14,691
2,2614
8,386
10,682
9,261
15,495
12,1121
4,3023
1,2586
19,417
5,1550
20,170
17,584
18,674
21,123
13,780
16,882
11,810
3,1859
6,2305
7,263
22,41
14,691
2,2614
8,386
10,682
9,261
15,495
12,1121
4,3023
1,2586
19,417
5,1552
20,170
17,584
18,674
21,123
13,780
16,883
11,810
3,1859
6,2305
7,263
22,41
14,691
2,2614
8,386
10,687
9,261
15,495
12,1121
4,3023
1,2586
19,417
5,1553
20,170
17,572
18,659
21,122
13,780
16,876
11,810
3,1854
6,2283
7,262
22,41
14,691
2,2606
8,386
10,687
9,260
15,488
12,1121
4,3023
1,2577
19,415
5,1544
20,170
17,572
18,662
21,122
13,759
16,876
11,790
3,1854
6,2283
7,262
22,41
14,679
2,2606
8,382
10,680
9,260
15,488
12,1085
4,2887
1,2577
19,415
5,1544
20,170
17,572
18,662
21,122
13,759
16,876
11,790
3,1854
6,2283
7,262
22,41
14,679
2,2606
8,382
10,680
9,260
15,488
12,1085
4,2887
1,2577
19,415
5,1544
20,170
17,560
18,629
21,122
13,759
16,871
11,790
3,1830
6,2258
7,257
22,39
14,679
2,2572
8,382
10,680
9,260
15,485
12,1085
4,2887
1,2547
19,410
5,1537
20,170
17,562
18,632
21,117
13,759
16,818
11,790
3,1832
6,2205
7,257
22,39
14,679
2,2580
8,382
10,680
9,257
15,475
12,1085
4,2887
1,2549
19,389
5,1505
20,170
17,562
18,632
21,117
13,759
16,818
11,790
3,1832
6,2205
7,257
22,39
14,679
2,2580
8,383
10,679
9,257
15,475
12,1085
4,2887
1,2549
19,389
5,1507
20,170
17,555
18,624
21,114
13,759
16,795
11,790
3,1828
6,2172
7,257
22,38
14,679
2,2571
8,383
10,679
9,254
15,464
12,1085
4,2887
1,2531
19,387
5,1501
20,168
17,553
18,622
21,113
13,753
16,785
11,788
3,1819
6,2155
7,255
22,38
14,671
2,2564
8,383
10,660
9,253
15,457
12,1077
4,2861
1,2524
19,380
5,1491
20,167
17,551
18,620
21,113
13,743
16,783
11,782
3,1809
6,2134
7,252
22,38
14,655
2,2556
8,383
10,648
9,254
15,457
12,1062
4,2818
1,2514
19,380
5,1483
20,167
17,551
18,620
21,110
13,743
16,773
11,782
3,1793
6,2119
7,252
22,38
14,655
2,2517
8,383
10,648
9,254
15,455
12,1062
4,2820
1,2495
19,377
5,1467
20,166
17,551
18,620
21,110
13,743
16,773
11,782
3,1795
6,2119
7,252
22,38
14,655
2,2519
8,383
10,652
9,254
15,455
12,1062
4,2824
1,2495
19,377
5,1467
20,166
17,551
18,620
21,107
13,734
16,758
11,763
3,1797
6,2100
7,254
22,38
14,642
2,2519
8,383
10,652
9,252
15,454
12,1030
4,2747
1,2500
19,374
5,1462
20,165
17,551
18,620
21,106
13,734
16,734
11,763
3,1797
6,2095
7,254
22,38
14,642
2,2519
8,383
10,652
9,252
15,454
12,1030
4,2747
1,2500
19,361
5,1457
20,165
17,551
18,620
21,102
13,734
16,695
11,763
3,1797
6,2054
7,254
22,38
14,642
2,2519
8,383
10,652
9,250
15,436
12,1030
4,2747
1,2500
19,354
5,1428
20,165
17,424
18,433
21,47
13,527
16,702
11,498
3,1538
6,1966
7,224
22,20
14,459
2,2329
8,363
10,522
9,174
15,368
12,697
4,2167
1,1830
19,291
5,1309
20,75
17,424
18,433
21,47
13,527
16,702
11,498
3,1538
6,1966
7,224
22,20
14,459
2,2329
8,363
10,522
9,174
15,368
12,697
4,2167
1,1830
19,291
5,1309
20,75
17,424
18,433
21,47
13,527
16,704
11,498
3,1538
6,1966
7,224
22,20
14,459
2,2329
8,363
10,522
9,174
15,368
12,697
4,2167
1,1830
19,291
5,1309
20,75
17,424
18,433
21,47
13,527
16,704
11,498
3,1538
6,1966
7,224
22,20
14,459
2,2329
8,363
10,522
9,174
15,368
12,697
4,2167
1,1830
19,291
5,1309
20,75
17,424
18,433
21,47
13,527
16,704
11,498
3,1538
6,1966
7,224
22,20
14,460
2,2329
8,363
10,522
9,174
15,368
12,697
4,2167
1,1830
19,292
5,1309
20,75
17,424
18,433
21,47
13,527
16,704
11,498
3,1539
6,1966
7,224
22,20
14,460
2,2329
8,363
10,522
9,174
15,368
12,697
4,2167
1,1830
19,292
5,1309
20,75
17,423
18,430
21,47
13,527
16,704
11,498
3,1542
6,1966
7,224
22,20
14,460
2,2328
8,363
10,522
9,174
15,368
12,697
4,2167
1,1825
19,292
5,1309
20,75
17,424
18,433
21,47
13,527
16,704
11,498
3,1542
6,1966
7,224
22,20
14,460
2,2329
8,363
10,522
9,174
15,368
12,697
4,2167
1,1830
19,292
5,1309
20,75
17,424
18,433
21,47
13,527
16,704
11,498
3,1543
6,1963
7,224
22,20
14,460
2,2330
8,363
10,522
9,173
15,368
12,697
4,2167
1,1830
19,292
5,1309
20,75
17,424
18,433
21,47
13,527
16,704
11,498
3,1543
6,1963
7,224
22,20
14,460
2,2330
8,363
10,522
9,173
15,368
12,699
4,2167
1,1830
19,292
5,1309
20,75
17,424
18,433
21,47
13,527
16,704
11,498
3,1545
6,1963
7,224
22,20
14,460
2,2330
8,363
10,522
9,173
15,368
12,699
4,2167
1,1830
19,292
5,1309
20,75
17,423
18,433
21,47
13,527
16,704
11,498
3,1525
6,1963
7,224
22,20
14,460
2,2326
8,363
10,522
9,173
15,368
12,699
4,2167
1,1826
19,292
5,1310
20,75
17,423
18,433
21,47
13,527
16,704
11,498
3,1525
6,1963
7,224
22,20
14,460
2,2326
8,363
10,522
9,173
15,368
12,699
4,2167
1,1827
19,292
5,1310
20,75
17,423
18,432
21,47
13,527
16,703
11,498
3,1528
6,1961
7,224
22,20
14,460
2,2326
8,363
10,522
9,172
15,368
12,699
4,2167
1,1824
19,292
5,1304
20,75
17,414
18,431
21,47
13,522
16,703
11,495
3,1510
6,1961
7,223
22,20
14,454
2,2295
8,363
10,518
9,172
15,368
12,689
4,2136
1,1817
19,292
5,1304
20,75
17,414
18,431
21,47
13,522
16,703
11,495
3,1510
6,1961
7,223
22,20
14,454
2,2295
8,363
10,518
9,172
15,368
12,689
4,2136
1,1817
19,292
5,1304
20,75
17,414
18,431
21,47
13,522
16,703
11,495
3,1512
6,1961
7,223
22,20
14,454
2,2295
8,363
10,518
9,172
15,368
12,689
4,2136
1,1817
19,292
5,1304
20,75
17,413
18,421
21,47
13,522
16,695
11,493
3,1501
6,1952
7,223
22,20
14,454
2,2284
8,363
10,518
9,171
15,364
12,688
4,2129
1,1810
19,285
5,1300
20,74
17,413
18,421
21,47
13,513
16,695
11,489
3,1501
6,1952
7,223
22,20
14,454
2,2284
8,363
10,517
9,171
15,364
12,688
4,2129
1,1810
19,285
5,1300
20,74
17,413
18,421
21,47
13,513
16,695
11,489
3,1501
6,1952
7,223
22,20
14,454
2,2284
8,363
10,517
9,171
15,364
12,688
4,2129
1,1810
19,285
5,1300
20,74
17,413
18,421
21,47
13,513
16,693
11,489
3,1501
6,1946
7,223
22,20
14,454
2,2287
8,363
10,517
9,168
15,359
12,688
4,2129
1,1810
19,283
5,1291
20,74
17,413
18,421
21,47
13,513
16,693
11,489
3,1501
6,1946
7,223
22,20
14,454
2,2290
8,363
10,517
9,168
15,359
12,688
4,2133
1,1810
19,283
5,1291
20,74
17,413
18,421
21,47
13,513
16,693
11,489
3,1501
6,1947
7,223
22,20
14,454
2,2290
8,363
10,517
9,168
15,359
12,688
4,2133
1,1810
19,283
5,1291
20,74
17,413
18,421
21,47
13,513
16,693
11,489
3,1501
6,1948
7,223
22,20
14,454
2,2291
8,363
10,517
9,168
15,359
12,688
4,2133
1,1810
19,283
5,1291
20,74
17,413
18,421
21,47
13,505
16,692
11,487
3,1501
6,1942
7,223
22,20
14,445
2,2291
8,363
10,517
9,167
15,359
12,685
4,2115
1,1811
19,282
5,1289
20,74
17,413
18,421
21,47
13,505
16,692
11,487
3,1501
6,1942
7,223
22,20
14,445
2,2292
8,363
10,517
9,167
15,359
12,685
4,2106
1,1811
19,285
5,1291
20,74
17,424
18,425
21,47
13,505
16,691
11,487
3,1501
6,1933
7,225
22,21
14,445
2,2302
8,363
10,517
9,167
15,358
12,685
4,2106
1,1848
19,280
5,1285
20,74
17,424
18,425
21,47
13,505
16,691
11,487
3,1510
6,1933
7,225
22,21
14,445
2,2308
8,364
10,517
9,167
15,358
12,685
4,2106
1,1848
19,280
5,1286
20,74
17,424
18,425
21,47
13,505
16,690
11,487
3,1510
6,1933
7,225
22,21
14,445
2,2308
8,364
10,517
9,167
15,356
12,685
4,2106
1,1848
19,280
5,1281
20,74
17,421
18,395
21,48
13,476
16,680
11,479
3,1509
6,2051
7,224
22,18
14,445
2,2300
8,364
10,516
9,176
15,358
12,685
4,2094
1,1844
19,273
5,1347
20,78
17,421
18,387
21,48
13,476
16,680
11,456
3,1500
6,2051
7,222
22,18
14,486
2,2286
8,364
10,514
9,176
15,358
12,734
4,2026
1,1827
19,273
5,1347
20,78
17,421
18,387
21,48
13,475
16,676
11,456
3,1500
6,2049
7,222
22,18
14,486
2,2286
8,364
10,514
9,175
15,358
12,734
4,2026
1,1827
19,268
5,1338
20,76
17,421
18,387
21,48
13,467
16,679
11,475
3,1527
6,2101
7,225
22,18
14,445
2,2338
8,367
10,507
9,179
15,358
12,685
4,2105
1,1882
19,268
5,1369
20,76
17,410
18,385
21,47
13,467
16,668
11,475
3,1515
6,2087
7,225
22,17
14,445
2,2326
8,367
10,509
9,179
15,358
12,685
4,2108
1,1870
19,267
5,1358
20,70
17,409
18,386
21,47
13,467
16,668
11,475
3,1516
6,2087
7,225
22,17
14,445
2,2326
8,367
10,509
9,179
15,358
12,685
4,2108
1,1870
19,267
5,1358
20,70
17,409
18,386
21,47
13,467
16,665
11,475
3,1489
6,2035
7,222
22,17
14,445
2,2276
8,362
10,509
9,175
15,358
12,681
4,2072
1,1815
19,267
5,1327
20,70
17,409
18,386
21,46
13,464
16,657
11,470
3,1460
6,1991
7,222
22,17
14,445
2,2257
8,354
10,502
9,171
15,354
12,668
4,2058
1,1815
19,264
5,1315
20,70
17,409
18,386
21,46
13,464
16,657
11,470
3,1460
6,1992
7,222
22,17
14,445
2,2257
8,354
10,502
9,171
15,354
12,668
4,2058
1,1815
19,264
5,1315
20,70
17,391
18,376
21,46
13,464
16,656
11,470
3,1460
6,1936
7,221
22,17
14,436
2,2249
8,354
10,502
9,168
15,352
12,658
4,2027
1,1802
19,264
5,1288
20,69
17,391
18,376
21,45
13,458
16,648
11,464
3,1440
6,1917
7,221
22,17
14,430
2,2219
8,354
10,502
9,167
15,346
12,651
4,2002
1,1802
19,264
5,1277
20,69
17,391
18,376
21,45
13,458
16,648
11,464
3,1440
6,1917
7,221
22,17
14,430
2,2219
8,354
10,502
9,167
15,346
12,651
4,2002
1,1802
19,264
5,1277
20,69
17,391
18,376
21,45
13,458
16,648
11,464
3,1440
6,1918
7,221
22,17
14,430
2,2220
8,354
10,502
9,167
15,346
12,651
4,2002
1,1802
19,264
5,1281
20,69
17,381
18,373
21,45
13,454
16,643
11,459
3,1440
6,1899
7,217
22,14
14,429
2,2211
8,354
10,498
9,166
15,341
12,645
4,1972
1,1769
19,261
5,1265
20,68
17,379
18,371
21,45
13,454
16,643
11,459
3,1412
6,1899
7,217
22,14
14,429
2,2195
8,354
10,498
9,166
15,341
12,645
4,1972
1,1773
19,261
5,1268
20,68
17,379
18,371
21,45
13,440
16,636
11,451
3,1412
6,1870
7,217
22,14
14,423
2,2195
8,354
10,498
9,165
15,339
12,629
4,1926
1,1773
19,261
5,1234
20,67
17,379
18,371
21,44
13,440
16,634
11,451
3,1412
6,1851
7,217
22,14
14,423
2,2194
8,354
10,498
9,162
15,333
12,629
4,1926
1,1773
19,252
5,1226
20,65
17,379
18,371
21,44
13,441
16,634
11,451
3,1412
6,1853
7,217
22,14
14,423
2,2193
8,354
10,498
9,162
15,333
12,629
4,1926
1,1773
19,252
5,1230
20,65
17,378
18,371
21,44
13,441
16,634
11,451
3,1402
6,1853
7,215
22,14
14,423
2,2177
8,351
10,498
9,162
15,333
12,629
4,1926
1,1759
19,252
5,1230
20,65
17,378
18,371
21,40
13,441
16,631
11,451
3,1402
6,1844
7,215
22,14
14,423
2,2181
8,351
10,498
9,159
15,322
12,629
4,1926
1,1760
19,247
5,1218
20,62
17,378
18,371
21,40
13,438
16,631
11,439
3,1379
6,1846
7,215
22,14
14,419
2,2168
8,349
10,486
9,159
15,322
12,612
4,1874
1,1760
19,249
5,1218
20,62
17,378
18,371
21,43
13,438
16,627
11,439
3,1379
6,1836
7,215
22,14
14,419
2,2168
8,349
10,486
9,158
15,320
12,612
4,1876
1,1760
19,259
5,1207
20,64
17,378
18,371
21,40
13,438
16,620
11,439
3,1379
6,1805
7,215
22,14
14,419
2,2170
8,349
10,486
9,153
15,314
12,612
4,1876
1,1760
19,258
5,1172
20,62
17,371
18,359
21,40
13,438
16,620
11,439
3,1358
6,1807
7,210
22,13
14,419
2,2149
8,346
10,485
9,153
15,314
12,612
4,1876
1,1753
19,258
5,1172
20,62
17,203
18,192
21,32
13,282
16,512
11,317
3,1005
6,1315
7,221
22,12
14,250
2,1528
8,201
10,298
9,133
15,233
12,459
4,1710
1,1517
19,151
5,873
20,41
17,203
18,192
21,32
13,282
16,512
11,317
3,1005
6,1315
7,221
22,12
14,250
2,1528
8,202
10,300
9,133
15,233
12,459
4,1710
1,1517
19,151
5,873
20,41
17,203
18,192
21,32
13,282
16,512
11,317
3,1005
6,1315
7,221
22,12
14,250
2,1528
8,202
10,300
9,133
15,233
12,459
4,1710
1,1517
19,151
5,873
20,41
17,203
18,193
21,32
13,282
16,514
11,317
3,1005
6,1315
7,221
22,12
14,250
2,1529
8,202
10,300
9,133
15,233
12,459
4,1710
1,1517
19,151
5,873
20,41
17,203
18,193
21,32
13,282
16,514
11,317
3,1005
6,1315
7,221
22,12
14,250
2,1529
8,202
10,300
9,133
15,233
12,459
4,1710
1,1517
19,151
5,873
20,41
17,203
18,193
21,32
13,307
16,514
11,344
3,1005
6,1315
7,221
22,12
14,265
2,1529
8,208
10,307
9,133
15,233
12,478
4,1762
1,1517
19,151
5,873
20,41
17,205
18,193
21,32
13,307
16,506
11,344
3,1075
6,1300
7,232
22,12
14,265
2,1641
8,208
10,307
9,132
15,228
12,479
4,1762
1,1596
19,151
5,869
20,41
17,194
18,184
21,32
13,314
16,506
11,355
3,1015
6,1300
7,219
22,1
14,274
2,1563
8,209
10,317
9,132
15,228
12,502
4,1782
1,1530
19,151
5,869
20,41
17,194
18,184
21,32
13,310
16,506
11,342
3,1058
6,1299
7,219
22,1
14,268
2,1593
8,201
10,304
9,132
15,228
12,488
4,1750
1,1531
19,151
5,869
20,41
17,194
18,184
21,32
13,359
16,506
11,394
3,1058
6,1299
7,230
22,12
14,300
2,1606
8,201
10,304
9,132
15,229
12,510
4,1775
1,1584
19,151
5,869
20,41
17,194
18,184
21,28
13,359
16,479
11,394
3,1064
6,1262
7,230
22,12
14,300
2,1606
8,201
10,304
9,129
15,218
12,510
4,1775
1,1584
19,142
5,852
20,40
17,194
18,184
21,36
13,359
16,522
11,394
3,1064
6,1283
7,230
22,12
14,300
2,1606
8,201
10,304
9,129
15,250
12,510
4,1775
1,1584
19,142
5,865
20,44
17,194
18,185
21,36
13,359
16,522
11,394
3,1070
6,1283
7,230
22,20
14,300
2,1610
8,201
10,304
9,129
15,250
12,510
4,1775
1,1590
19,142
5,865
20,44
17,194
18,185
21,36
13,359
16,522
11,394
3,1070
6,1283
7,230
22,20
14,300
2,1610
8,201
10,304
9,129
15,250
12,510
4,1775
1,1590
19,142
5,865
20,44
17,194
18,185
21,36
13,359
16,522
11,394
3,1070
6,1284
7,230
22,20
14,300
2,1610
8,201
10,304
9,129
15,250
12,510
4,1775
1,1590
19,142
5,865
20,44
17,194
18,185
21,36
13,359
16,522
11,394
3,1070
6,1284
7,230
22,20
14,300
2,1610
8,201
10,304
9,130
15,250
12,510
4,1775
1,1590
19,142
5,866
20,44
17,194
18,185
21,36
13,359
16,522
11,394
3,1070
6,1285
7,230
22,20
14,300
2,1610
8,201
10,304
9,130
15,250
12,510
4,1775
1,1590
19,142
5,867
20,44
17,194
18,185
21,36
13,359
16,522
11,394
3,1070
6,1285
7,230
22,20
14,300
2,1610
8,201
10,304
9,130
15,252
12,510
4,1775
1,1590
19,142
5,867
20,44
17,194
18,185
21,36
13,359
16,522
11,394
3,1070
6,1285
7,230
22,20
14,300
2,1611
8,201
10,304
9,130
15,252
12,510
4,1775
1,1590
19,142
5,869
20,44
17,194
18,185
21,36
13,359
16,522
11,394
3,1024
6,1286
7,233
22,20
14,300
2,1559
8,201
10,304
9,130
15,252
12,510
4,1775
1,1586
19,142
5,869
20,44
17,194
18,185
21,36
13,354
16,517
11,389
3,1048
6,1281
7,233
22,20
14,296
2,1598
8,199
10,300
9,130
15,250
12,506
4,1749
1,1586
19,142
5,868
20,44
17,183
18,181
21,36
13,352
16,516
11,389
3,1013
6,1275
7,221
22,20
14,296
2,1571
8,191
10,293
9,130
15,251
12,501
4,1721
1,1575
19,142
5,858
20,44
17,183
18,181
21,36
13,352
16,510
11,389
3,1013
6,1257
7,221
22,20
14,296
2,1571
8,191
10,293
9,127
15,250
12,501
4,1721
1,1575
19,140
5,842
20,44
17,183
18,181
21,36
13,352
16,504
11,389
3,1013
6,1239
7,221
22,20
14,296
2,1574
8,191
10,293
9,125
15,242
12,501
4,1721
1,1575
19,137
5,830
20,44
17,182
18,180
21,36
13,352
16,503
11,389
3,1011
6,1240
7,218
22,20
14,296
2,1525
8,191
10,293
9,125
15,242
12,501
4,1721
1,1533
19,137
5,830
20,44
17,182
18,180
21,36
13,352
16,503
11,389
3,1011
6,1240
7,218
22,20
14,296
2,1525
8,191
10,293
9,125
15,242
12,501
4,1721
1,1533
19,137
5,831
20,44
17,182
18,180
21,36
13,352
16,503
11,389
3,1011
6,1243
7,218
22,20
14,296
2,1525
8,191
10,293
9,125
15,242
12,501
4,1721
1,1533
19,137
5,831
20,44
17,189
18,183
21,36
13,348
16,503
11,383
3,1033
6,1243
7,230
22,20
14,294
2,1584
8,185
10,282
9,125
15,242
12,489
4,1672
1,1551
19,137
5,831
20,44
17,189
18,183
21,36
13,348
16,503
11,383
3,1033
6,1245
7,230
22,20
14,294
2,1584
8,185
10,282
9,126
15,242
12,489
4,1672
1,1551
19,137
5,832
20,44
17,189
18,183
21,37
13,348
16,525
11,383
3,1033
6,1375
7,230
22,20
14,294
2,1584
8,185
10,282
9,141
15,249
12,489
4,1672
1,1551
19,140
5,900
20,44
17,187
18,181
21,37
13,346
16,522
11,380
3,1027
6,1374
7,226
22,20
14,293
2,1573
8,176
10,269
9,141
15,249
12,487
4,1651
1,1539
19,132
5,899
20,44
17,187
18,181
21,37
13,346
16,522
11,380
3,1027
6,1374
7,226
22,20
14,293
2,1572
8,176
10,269
9,141
15,249
12,487
4,1651
1,1539
19,132
5,899
20,44
17,187
18,181
21,36
13,346
16,507
11,380
3,1027
6,1374
7,226
22,20
14,293
2,1647
8,176
10,269
9,141
15,244
12,487
4,1686
1,1644
19,131
5,903
20,42
17,186
18,177
21,36
13,341
16,515
11,370
3,1005
6,1378
7,224
22,20
14,289
2,1632
8,176
10,262
9,142
15,245
12,475
4,1674
1,1638
19,131
5,905
20,42
17,185
18,174
21,36
13,343
16,516
11,370
3,981
6,1363
7,224
22,20
14,289
2,1615
8,176
10,269
9,142
15,245
12,475
4,1639
1,1633
19,131
5,899
20,42
17,185
18,174
21,36
13,343
16,516
11,370
3,981
6,1363
7,224
22,20
14,289
2,1540
8,176
10,269
9,142
15,245
12,475
4,1639
1,1528
19,131
5,899
20,42
17,173
18,171
21,36
13,335
16,502
11,358
3,937
6,1342
7,221
22,20
14,276
2,1522
8,176
10,266
9,140
15,231
12,451
4,1599
1,1511
19,128
5,878
20,42
17,173
18,171
21,36
13,335
16,502
11,358
3,937
6,1344
7,221
22,20
14,276
2,1522
8,176
10,266
9,140
15,231
12,451
4,1599
1,1511
19,128
5,878
20,42
17,167
18,164
21,36
13,335
16,497
11,358
3,902
6,1319
7,215
22,20
14,276
2,1502
8,176
10,266
9,138
15,230
12,451
4,1599
1,1485
19,128
5,860
20,42
17,167
18,164
21,36
13,335
16,497
11,358
3,902
6,1319
7,215
22,20
14,276
2,1502
8,176
10,266
9,138
15,230
12,451
4,1599
1,1485
19,128
5,860
20,42
17,167
18,164
21,36
13,341
16,497
11,359
3,902
6,1319
7,215
22,20
14,276
2,1502
8,176
10,266
9,138
15,230
12,451
4,1599
1,1485
19,128
5,864
20,42
17,167
18,164
21,36
13,337
16,497
11,356
3,903
6,1319
7,215
22,20
14,264
2,1502
8,157
10,263
9,138
15,230
12,440
4,1561
1,1485
19,128
5,864
20,42
17,151
18,152
21,36
13,335
16,489
11,354
3,833
6,1305
7,209
22,20
14,263
2,1396
8,152
10,254
9,137
15,225
12,439
4,1441
1,1453
19,128
5,850
20,37
17,147
18,144
21,32
13,335
16,430
11,354
3,814
6,1248
7,209
22,20
14,263
2,1384
8,152
10,254
9,135
15,217
12,439
4,1441
1,1446
19,109
5,814
20,28
17,137
18,130
21,32
13,290
16,410
11,350
3,755
6,1240
7,207
22,19
14,257
2,1330
8,147
10,253
9,135
15,213
12,422
4,1379
1,1436
19,101
5,805
20,27
17,137
18,130
21,32
13,290
16,410
11,350
3,736
6,1240
7,204
22,19
14,257
2,1317
8,147
10,253
9,135
15,213
12,422
4,1379
1,1421
19,101
5,807
20,27
17,137
18,125
21,32
13,267
16,410
11,335
3,720
6,1240
7,201
22,19
14,248
2,1302
8,147
10,253
9,135
15,213
12,401
4,1347
1,1410
19,101
5,807
20,27
17,137
18,125
21,32
13,267
16,410
11,335
3,707
6,1239
7,201
22,19
14,248
2,1286
8,141
10,250
9,135
15,213
12,401
4,1347
1,1348
19,101
5,805
20,27
17,137
18,125
21,31
13,267
16,408
11,335
3,707
6,1225
7,201
22,19
14,248
2,1286
8,141
10,250
9,135
15,213
12,401
4,1347
1,1348
19,101
5,803
20,27
17,137
18,125
21,30
13,255
16,399
11,331
3,705
6,1198
7,191
22,19
14,244
2,1231
8,141
10,247
9,129
15,208
12,401
4,1317
1,1268
19,99
5,792
20,27
17,122
18,117
21,30
13,253
16,395
11,322
3,665
6,1183
7,167
22,19
14,242
2,1179
8,140
10,238
9,129
15,208
12,392
4,1249
1,1218
19,91
5,784
20,26
17,112
18,111
21,30
13,241
16,390
11,310
3,657
6,1164
7,167
22,19
14,232
2,1166
8,140
10,241
9,125
15,208
12,386
4,1200
1,1209
19,90
5,781
20,26
17,112
18,111
21,30
13,241
16,390
11,310
3,657
6,1164
7,167
22,19
14,232
2,1166
8,140
10,241
9,125
15,208
12,386
4,1200
1,1209
19,90
5,781
20,26
17,625
18,716
21,139
13,922
16,1069
11,986
3,1991
6,2380
7,360
22,44
14,753
2,2690
8,558
10,724
9,220
15,608
12,1154
4,3437
1,3000
19,420
5,1603
20,161
17,619
18,713
21,139
13,922
16,1065
11,986
3,1989
6,2377
7,359
22,44
14,753
2,2687
8,558
10,724
9,219
15,598
12,1154
4,3437
1,2993
19,420
5,1598
20,161
17,619
18,710
21,139
13,923
16,1064
11,986
3,1984
6,2377
7,357
22,44
14,753
2,2679
8,558
10,722
9,219
15,598
12,1154
4,3437
1,2991
19,420
5,1597
20,161
17,614
18,706
21,139
13,923
16,1063
11,986
3,1984
6,2359
7,354
22,44
14,753
2,2676
8,558
10,722
9,219
15,598
12,1153
4,3436
1,2962
19,420
5,1597
20,161
17,614
18,706
21,139
13,922
16,1063
11,985
3,1981
6,2358
7,354
22,44
14,751
2,2675
8,558
10,722
9,219
15,598
12,1152
4,3424
1,2962
19,420
5,1596
20,161
17,614
18,706
21,139
13,922
16,1063
11,985
3,1981
6,2358
7,354
22,44
14,751
2,2675
8,558
10,722
9,219
15,598
12,1152
4,3424
1,2962
19,420
5,1599
20,161
17,612
18,701
21,139
13,917
16,1058
11,984
3,1981
6,2354
7,354
22,44
14,751
2,2674
8,543
10,690
9,214
15,588
12,1144
4,3405
1,2951
19,419
5,1595
20,161
17,612
18,677
21,139
13,917
16,1049
11,984
3,1958
6,2345
7,350
22,44
14,751
2,2635
8,543
10,690
9,214
15,588
12,1144
4,3405
1,2891
19,418
5,1595
20,160
17,603
18,696
21,139
13,913
16,1049
11,983
3,1958
6,2345
7,349
22,44
14,751
2,2642
8,543
10,690
9,214
15,588
12,1143
4,3405
1,2929
19,418
5,1595
20,160
17,603
18,696
21,138
13,907
16,1049
11,977
3,1958
6,2324
7,349
22,44
14,748
2,2642
8,543
10,690
9,214
15,588
12,1136
4,3392
1,2929
19,418
5,1568
20,160
17,598
18,683
21,140
13,894
16,1049
11,977
3,1958
6,2324
7,350
22,44
14,735
2,2638
8,549
10,684
9,213
15,587
12,1121
4,3349
1,2907
19,418
5,1544
20,160
17,598
18,683
21,140
13,890
16,1022
11,963
3,1982
6,2309
7,350
22,44
14,733
2,2655
8,549
10,684
9,213
15,587
12,1116
4,3325
1,2907
19,412
5,1544
20,160
17,577
18,660
21,140
13,882
16,1022
11,963
3,1962
6,2309
7,344
22,44
14,719
2,2613
8,549
10,684
9,213
15,587
12,1116
4,3301
1,2874
19,412
5,1544
20,160
17,577
18,660
21,139
13,882
16,1016
11,962
3,1962
6,2299
7,344
22,44
14,719
2,2613
8,549
10,684
9,207
15,573
12,1116
4,3303
1,2880
19,410
5,1509
20,160
17,577
18,660
21,139
13,882
16,1016
11,962
3,1962
6,2299
7,344
22,44
14,719
2,2613
8,549
10,684
9,207
15,573
12,1116
4,3302
1,2880
19,410
5,1509
20,160
17,577
18,660
21,139
13,883
16,1016
11,974
3,1962
6,2300
7,344
22,44
14,719
2,2613
8,549
10,684
9,207
15,574
12,1118
4,3313
1,2880
19,410
5,1510
20,162
17,577
18,660
21,139
13,883
16,1015
11,974
3,1962
6,2289
7,344
22,44
14,719
2,2613
8,549
10,684
9,207
15,574
12,1118
4,3313
1,2880
19,410
5,1510
20,162
17,577
18,660
21,139
13,880
16,1015
11,973
3,1962
6,2289
7,344
22,44
14,717
2,2613
8,549
10,684
9,207
15,574
12,1117
4,3309
1,2880
19,410
5,1510
20,162
17,577
18,660
21,139
13,878
16,1014
11,973
3,1962
6,2287
7,344
22,44
14,717
2,2613
8,549
10,684
9,207
15,574
12,1116
4,3310
1,2880
19,410
5,1510
20,162
17,577
18,660
21,139
13,878
16,1013
11,973
3,1962
6,2287
7,344
22,44
14,717
2,2613
8,549
10,684
9,207
15,574
12,1117
4,3306
1,2880
19,410
5,1510
20,162
17,572
18,661
21,139
13,878
16,1006
11,973
3,1962
6,2248
7,343
22,44
14,717
2,2598
8,549
10,684
9,207
15,574
12,1117
4,3306
1,2855
19,409
5,1510
20,162
17,572
18,661
21,139
13,878
16,1006
11,973
3,1937
6,2246
7,343
22,44
14,717
2,2578
8,549
10,684
9,205
15,571
12,1117
4,3312
1,2855
19,408
5,1469
20,162
17,574
18,661
21,139
13,878
16,1006
11,956
3,1937
6,2246
7,343
22,44
14,717
2,2578
8,549
10,684
9,205
15,571
12,1093
4,3275
1,2855
19,408
5,1469
20,162
17,574
18,661
21,139
13,878
16,1006
11,956
3,1937
6,2246
7,343
22,44
14,717
2,2580
8,549
10,684
9,205
15,571
12,1093
4,3275
1,2855
19,408
5,1469
20,162
17,574
18,661
21,139
13,878
16,1006
11,956
3,1937
6,2246
7,343
22,44
14,717
2,2580
8,549
10,684
9,205
15,571
12,1093
4,3275
1,2855
19,408
5,1470
20,162
17,574
18,661
21,139
13,877
16,1003
11,958
3,1937
6,2244
7,343
22,44
14,717
2,2580
8,549
10,684
9,204
15,563
12,1094
4,3280
1,2855
19,407
5,1450
20,160
17,574
18,661
21,139
13,877
16,1003
11,958
3,1937
6,2244
7,343
22,44
14,715
2,2580
8,549
10,684
9,204
15,563
12,1094
4,3277
1,2857
19,407
5,1450
20,160
17,574
18,661
21,139
13,877
16,1008
11,958
3,1937
6,2264
7,343
22,44
14,715
2,2580
8,549
10,684
9,204
15,563
12,1094
4,3277
1,2857
19,408
5,1461
20,160
17,574
18,661
21,139
13,877
16,1008
11,958
3,1937
6,2264
7,343
22,44
14,714
2,2580
8,549
10,684
9,204
15,563
12,1089
4,3274
1,2857
19,408
5,1461
20,160
17,574
18,661
21,139
13,873
16,1008
11,956
3,1937
6,2264
7,343
22,44
14,709
2,2580
8,549
10,684
9,204
15,563
12,1085
4,3259
1,2857
19,408
5,1461
20,160
17,558
18,658
21,130
13,873
16,1004
11,956
3,1936
6,2263
7,343
22,44
14,709
2,2567
8,549
10,684
9,204
15,564
12,1085
4,3259
1,2839
19,402
5,1461
20,159
17,558
18,658
21,130
13,869
16,1004
11,955
3,1935
6,2263
7,343
22,44
14,709
2,2564
8,549
10,684
9,204
15,564
12,1085
4,3258
1,2839
19,402
5,1461
20,159
17,568
18,675
21,130
13,864
16,990
11,947
3,1935
6,2490
7,354
22,44
14,709
2,2701
8,545
10,680
9,229
15,554
12,1079
4,3519
1,3049
19,392
5,1510
20,158
17,568
18,675
21,130
13,864
16,990
11,947
3,1935
6,2366
7,354
22,44
14,700
2,2601
8,539
10,678
9,202
15,554
12,1079
4,3358
1,3049
19,392
5,1483
20,158
17,558
18,658
21,130
13,863
16,990
11,947
3,1912
6,2277
7,344
22,41
14,700
2,2569
8,539
10,678
9,202
15,554
12,1079
4,3309
1,2922
19,392
5,1485
20,158
17,558
18,658
21,130
13,863
16,990
11,947
3,1912
6,2277
7,344
22,41
14,700
2,2569
8,539
10,678
9,202
15,554
12,1079
4,3309
1,2923
19,392
5,1485
20,158
17,539
18,651
21,130
13,853
16,996
11,942
3,1912
6,2236
7,341
22,41
14,692
2,2538
8,538
10,678
9,202
15,553
12,1065
4,3219
1,2824
19,392
5,1462
20,158
17,539
18,651
21,130
13,853
16,989
11,942
3,1913
6,2200
7,341
22,41
14,692
2,2539
8,538
10,678
9,200
15,553
12,1065
4,3219
1,2824
19,388
5,1462
20,157
17,536
18,646
21,130
13,846
16,989
11,938
3,1913
6,2200
7,336
22,41
14,686
2,2532
8,538
10,678
9,200
15,553
12,1053
4,3198
1,2796
19,388
5,1462
20,157
17,536
18,646
21,123
13,846
16,982
11,938
3,1913
6,2184
7,336
22,41
14,686
2,2532
8,538
10,679
9,200
15,547
12,1053
4,3198
1,2796
19,382
5,1454
20,157
17,536
18,646
21,123
13,838
16,983
11,936
3,1914
6,2187
7,336
22,41
14,677
2,2533
8,538
10,679
9,200
15,547
12,1046
4,3176
1,2797
19,384
5,1454
20,157
17,520
18,631
21,123
13,838
16,983
11,936
3,1915
6,2187
7,333
22,41
14,677
2,2523
8,538
10,679
9,200
15,547
12,1046
4,3176
1,2793
19,384
5,1454
20,157
17,520
18,631
21,123
13,836
16,978
11,934
3,1890
6,2158
7,333
22,41
14,676
2,2505
8,538
10,679
9,203
15,548
12,1043
4,3155
1,2743
19,385
5,1452
20,157
17,514
18,626
21,123
13,836
16,978
11,934
3,1867
6,2158
7,333
22,41
14,676
2,2471
8,538
10,679
9,204
15,548
12,1043
4,3155
1,2713
19,385
5,1454
20,157
17,507
18,625
21,123
13,836
16,978
11,934
3,1867
6,2158
7,325
22,41
14,676
2,2467
8,538
10,678
9,204
15,548
12,1043
4,3154
1,2683
19,385
5,1457
20,157
17,507
18,625
21,123
13,834
16,969
11,931
3,1867
6,2133
7,325
22,41
14,672
2,2467
8,538
10,677
9,204
15,545
12,1037
4,3135
1,2683
19,381
5,1448
20,157
17,502
18,618
21,123
13,834
16,958
11,931
3,1867
6,2120
7,325
22,41
14,672
2,2469
8,540
10,678
9,204
15,542
12,1037
4,3135
1,2642
19,379
5,1432
20,157
17,491
18,617
21,123
13,831
16,955
11,927
3,1845
6,2103
7,317
22,41
14,667
2,2453
8,537
10,666
9,204
15,539
12,1031
4,3108
1,2624
19,374
5,1410
20,157
17,483
18,609
21,123
13,831
16,945
11,927
3,1824
6,2094
7,312
22,41
14,667
2,2428
8,533
10,660
9,204
15,522
12,1031
4,3115
1,2602
19,374
5,1396
20,157
17,476
18,606
21,123
13,831
16,928
11,927
3,1824
6,2076
7,311
22,41
14,667
2,2418
8,533
10,660
9,198
15,487
12,1031
4,3117
1,2574
19,369
5,1334
20,154
17,476
18,606
21,120
13,827
16,923
11,912
3,1824
6,2065
7,311
22,41
14,663
2,2418
8,533
10,660
9,198
15,485
12,1029
4,3104
1,2574
19,368
5,1306
20,154
17,477
18,607
21,120
13,819
16,923
11,907
3,1810
6,2071
7,311
22,41
14,663
2,2398
8,530
10,649
9,198
15,485
12,1021
4,3086
1,2574
19,368
5,1307
20,154
17,477
18,607
21,120
13,819
16,910
11,907
3,1810
6,2066
7,311
22,41
14,663
2,2398
8,530
10,649
9,196
15,482
12,1021
4,3086
1,2574
19,366
5,1282
20,154
